code,region,chefLieu,nom,typeLiaison,zone,latitude,longitude,slug
01,84,01053,Ain,5,metro,46.064217,5.449417,ain
02,32,02408,Aisne,5,metro,49.453534,3.608257,aisne
03,84,03190,Allier,5,metro,46.3673,3.142987,allier
04,93,04070,Alpes-de-Haute-Provence,4,metro,44.163892,6.232415,alpes-de-haute-provence
05,93,05061,Hautes-Alpes,4,metro,44.656662,6.247819,hautes-alpes
06,93,06088,Alpes-Maritimes,4,metro,43.920558,7.176664,alpes-maritimes
07,84,07186,Ardèche,5,metro,44.815229,4.374054,ardeche
08,44,08105,Ardennes,4,metro,49.698414,4.709415,ardennes
09,76,09122,Ariège,5,metro,42.944,1.5010000000000001,ariege
10,44,10387,Aube,5,metro,48.320393,4.125766,aube
11,76,11069,Aude,5,metro,43.054414,2.464493,aude
12,76,12202,Aveyron,5,metro,44.316638,2.64518,aveyron
13,93,13055,Bouches-du-Rhône,4,metro,43.543304,5.021764,bouches-du-rhone
14,28,14118,Calvados,2,metro,49.091042,-0.356614,calvados
15,84,15014,Cantal,2,metro,45.048116,2.716409,cantal
16,75,16015,Charente,3,metro,45.66561,0.241924,charente
17,75,17300,Charente-Maritime,3,metro,45.729931,-0.777828,charente-maritime
18,24,18033,Cher,2,metro,47.024685,2.426959,cher
19,75,19272,Corrèze,3,metro,45.343809,1.877742,correze
21,27,21231,Côte-d'Or,3,metro,47.46555,4.792297,cote-d-or
22,53,22278,Côtes-d'Armor,4,metro,48.451445,-2.786331,cotes-d-armor
23,75,23096,Creuse,3,metro,46.059411,1.992842,creuse
24,75,24322,Dordogne,3,metro,45.142934,0.703131,dordogne
25,27,25056,Doubs,2,metro,47.066947,6.380464,doubs
26,84,26362,Drôme,3,metro,44.729879,5.238619,drome
27,28,27229,Eure,5,metro,49.075817,1.049949,eure
28,24,28085,Eure-et-Loir,1,metro,48.447452,1.377161,eure-et-loir
29,53,29232,Finistère,2,metro,48.257474,-4.26304,finistere
2A,94,2A004,Corse-du-Sud,3,metro,41.871785,8.973712,corse-du-sud
2B,94,2B033,Haute-Corse,3,metro,42.421934,9.066317,haute-corse
30,76,30189,Gard,2,metro,43.959991,4.054192,gard
31,76,31555,Haute-Garonne,3,metro,43.305066,1.244925,haute-garonne
32,76,32013,Gers,2,metro,43.694554,0.459609,gers
33,75,33063,Gironde,3,metro,44.884251,-0.47333699999999995,gironde
34,76,34172,Hérault,5,metro,43.591166,3.367207,herault
35,53,35238,Ille-et-Vilaine,1,metro,48.168105,-1.652987,ille-et-vilaine
36,24,36044,Indre,5,metro,46.812017,1.535931,indre
37,24,37261,Indre-et-Loire,1,metro,47.223217,0.709322,indre-et-loire
38,84,38185,Isère,5,metro,45.289669,5.55148,isere
39,27,39300,Jura,2,metro,46.783104,5.729106,jura
40,75,40192,Landes,4,metro,44.010072,-0.694072,landes
41,24,41018,Loir-et-Cher,2,metro,47.659385,1.414207,loir-et-cher
42,84,42218,Loire,3,metro,45.754057,4.225577,loire
43,84,43157,Haute-Loire,3,metro,45.085724,3.78593,haute-loire
44,52,44109,Loire-Atlantique,3,metro,47.346818,-1.752692,loire-atlantique
45,24,45234,Loiret,2,metro,47.913784,2.320709,loiret
46,76,46042,Lot,2,metro,44.625147,1.596335,lot
47,75,47001,Lot-et-Garonne,2,metro,44.369126,0.46862299999999996,lot-et-garonne
48,76,48095,Lozère,3,metro,44.542613,3.489919,lozere
49,52,49007,Maine-et-Loire,0,metro,47.389695,-0.5598339999999999,maine-et-loire
50,28,50502,Manche,3,metro,49.09192,-1.342297,manche
51,44,51108,Marne,3,metro,48.961144,4.21828,marne
52,44,52121,Haute-Marne,3,metro,48.132831,5.258848,haute-marne
53,52,53130,Mayenne,3,metro,48.150687,-0.644079,mayenne
54,44,54395,Meurthe-et-Moselle,0,metro,48.956267,6.276536,meurthe-et-moselle
55,44,55029,Meuse,3,metro,49.013887,5.37138,meuse
56,53,56260,Morbihan,2,metro,47.746977,-2.883949,morbihan
57,44,57463,Moselle,3,metro,49.018482,6.764343,moselle
58,27,58194,Nièvre,3,metro,47.119859,3.537924,nievre
59,32,59350,Nord,2,metro,50.528865,3.14785,nord
60,32,60057,Oise,5,metro,49.409381,2.426108,oise
61,28,61001,Orne,5,metro,48.577079,0.057956,orne
62,32,62041,Pas-de-Calais,2,metro,50.513739,2.373076,pas-de-calais
63,84,63113,Puy-de-Dôme,2,metro,45.771304,3.186207,puy-de-dome
64,75,64445,Pyrénées-Atlantiques,4,metro,43.186959,-0.882296,pyrenees-atlantiques
65,76,65440,Hautes-Pyrénées,4,metro,43.142116,0.15922799999999998,hautes-pyrenees
66,76,66136,Pyrénées-Orientales,4,metro,42.625993,2.450218,pyrenees-orientales
67,44,67482,Bas-Rhin,2,metro,48.599128,7.585385,bas-rhin
68,44,68066,Haut-Rhin,2,metro,47.866335,7.232457,haut-rhin
69,84,69123,Rhône,2,metro,45.879514,4.701336,rhone
70,27,70550,Haute-Saône,3,metro,47.638427,6.098146,haute-saone
71,27,71270,Saône-et-Loire,0,metro,46.656179,4.542444,saone-et-loire
72,52,72181,Sarthe,3,metro,48.02603,0.23296899999999998,sarthe
73,84,73065,Savoie,3,metro,45.495147,6.403646,savoie
74,84,74010,Haute-Savoie,3,metro,46.04514,6.425648,haute-savoie
75,11,75056,Paris,0,metro,48.859161,2.345901,paris
76,28,76540,Seine-Maritime,3,metro,49.661557,0.927917,seine-maritime
77,11,77288,Seine-et-Marne,0,metro,48.619879,2.974395,seine-et-marne
78,11,78646,Yvelines,4,metro,48.761592,1.836919,yvelines
79,75,79191,Deux-Sèvres,4,metro,46.538998,-0.33580299999999996,deux-sevres
80,32,80021,Somme,3,metro,49.969026,2.29137,somme
81,76,81004,Tarn,2,metro,43.792172,2.239716,tarn
82,76,82121,Tarn-et-Garonne,2,metro,44.082056,1.367237,tarn-et-garonne
83,93,83137,Var,2,metro,43.394407,6.294842,var
84,93,84007,Vaucluse,2,metro,44.045027,5.203283,vaucluse
85,52,85191,Vendée,3,metro,46.67523,-1.468278,vendee
86,75,86194,Vienne,3,metro,46.612381,0.555286,vienne
87,75,87085,Haute-Vienne,3,metro,45.919452,1.269595,haute-vienne
88,44,88160,Vosges,4,metro,48.16332,6.296381,vosges
89,27,89024,Yonne,5,metro,47.856237,3.594545,yonne
90,27,90010,Territoire de Belfort,2,metro,47.629078,6.948721,territoire-de-belfort
91,11,91228,Essonne,5,metro,48.530395,2.250147,essonne
92,11,92050,Hauts-de-Seine,4,metro,48.840228,2.241115,hauts-de-seine
93,11,93008,Seine-Saint-Denis,3,metro,48.909918,2.445427,seine-saint-denis
94,11,94028,Val-de-Marne,2,metro,48.774866,2.461937,val-de-marne
95,11,95500,Val-d'Oise,2,metro,49.070438,2.099664,val-d-oise
971,1,97105,Guadeloupe,3,drom,,,guadeloupe
972,2,97209,Martinique,3,drom,,,martinique
973,3,97302,Guyane,3,drom,,,guyane
974,4,97411,La Réunion,0,drom,,,la-reunion
976,6,97611,Mayotte,0,drom,,,mayotte
975,975,97502,Saint-Pierre-et-Miquelon,0,com,,,saint-pierre-et-miquelon
977,977,97701,Saint-Barthélemy,0,com,,,saint-barthelemy
978,978,97801,Saint-Martin,0,com,,,saint-martin
984,984,97502,Terres australes et antarctiques françaises,0,com,,,terres-australes-et-antarctiques-francaises
986,986,98613,Wallis et Futuna,0,com,,,wallis-et-futuna
987,987,98735,Polynésie française,0,com,,,polynesie-francaise
988,988,98818,Nouvelle-Calédonie,0,com,,,nouvelle-caledonie
989,989,98901,Île de Clipperton,0,com,,,ile-de-clipperton
